InvoiceNo,Date,CustomerName,CustomerPIN,Product,Quantity,UnitPrice,VATable,VATAmount,ExciseDuty,WithholdingTax,TotalAmount
INV-1000,2023-12-21,Diamond Trust Bank Kenya,P583081342X,Food Containers,73,206,Y,14400,0,0,29438
INV-1001,2023-12-17,Carbacid Investments,EXEMPT1,Plastic Sheets,40,682,N,0,0,0,27280
INV-1002,2023-10-17,Equity Group Holdings,P397890196X,Plastic Sheets,59,202,Y,10240,0,0,22158
INV-1003,2023-11-22,Car & General (K),P851643058X,Plastic Sheets,92,103,Y,7488,0,374.4,16964
INV-1004,2023-07-18,Trans-Century,P858512847X,Plastic Sheets,22,252,Y,0,0,0,5544
INV-1005,2023-11-05,The Co-operative Bank of Kenya,P874664672X,Plastic Chairs,54,735,Y,0,0,0,39690
INV-1006,2023-09-01,Kakuzi,P786051894X,Plastic Chairs,43,267,Y,7104,0,0,18585
INV-1007,2023-10-06,Longhorn Publishers,P376320599X,Food Containers,60,750,Y,0,0,0,45000
INV-1008,2023-10-28,Nairobi Securities Exchange,P375708102X,Water Tanks,78,914,Y,4512,0,0,75804
INV-1009,2023-08-04,Nation Media Group,P152916771X,Water Tanks,22,679,Y,8448,0,422.4,23386
INV-1010,2023-07-29,Limuru Tea,EXEMPT10,Food Containers,97,567,N,0,0,0,54999
INV-1011,2023-11-06,ARM Cement,P198190585X,Food Containers,67,816,Y,0,0,0,54672
INV-1012,2023-10-27,Eaagads,EXEMPT12,Plastic Chairs,37,844,N,0,0,0,31228
INV-1013,2023-11-25,Kenya Airways,P996907916X,Plastic Sheets,2,129,Y,15616,0,0,15874
INV-1014,2023-07-03,CIC Insurance Group,EXEMPT14,Plastic Sheets,91,572,N,0,0,0,52052
INV-1015,2023-10-18,TPS Eastern Africa (Serena),P104669445X,Water Tanks,98,470,Y,14016,0,700.8,60076
INV-1016,2023-09-22,ILAM Fahari I-REIT,P709995607X,Food Containers,83,171,Y,9968,0,498.4,24161
INV-1017,2023-09-19,Olympia Capital Holdings,EXEMPT17,Water Tanks,32,605,N,0,0,0,19360
INV-1018,2023-11-01,Longhorn Publishers,P856986778X,Plastic Chairs,62,191,N,0,0,0,11842
INV-1019,2023-09-26,Longhorn Publishers,P773773447X,Plastic Chairs,39,495,Y,0,0,0,19305
INV-1020,2023-10-17,Diamond Trust Bank Kenya,P437928045X,Plastic Chairs,82,784,Y,3248,0,162.4,67536
INV-1021,2023-12-27,E.A Portland Cement,P217603698X,Plastic Sheets,66,418,Y,9200,0,0,36788
INV-1022,2023-08-20,Equity Group Holdings,EXEMPT22,Plastic Chairs,10,916,N,0,0,0,9160
INV-1023,2023-07-23,Car & General (K),EXEMPT23,Water Tanks,52,930,N,0,0,0,48360
INV-1024,2023-07-07,Nation Media Group,P792346459X,Water Tanks,45,146,Y,4192,0,0,10762
INV-1025,2023-11-08,Kakuzi,EXEMPT25,Plastic Sheets,71,332,N,0,0,0,23572
INV-1026,2023-07-31,Crown Paints Kenya,P159746142X,Water Tanks,22,624,N,0,0,0,13728
INV-1027,2023-09-22,Homeboyz Entertainment,P660105342X,Plastic Sheets,63,413,Y,0,0,0,26019
INV-1028,2023-12-19,ABSA Kenya,P461754905X,Plastic Chairs,78,206,Y,7120,0,0,23188
INV-1029,2023-09-23,The Co-operative Bank of Kenya,P868544463X,Plastic Sheets,16,479,Y,0,0,0,7664
INV-1030,2023-11-22,Sasini,P203825195X,Plastic Chairs,45,926,Y,3744,0,0,45414
INV-1031,2023-11-06,Total Kenya,P443564086X,Food Containers,46,398,Y,3040,0,152.0,21348
INV-1032,2023-08-07,Sameer Africa,P338601553X,Plastic Chairs,16,869,Y,0,0,0,13904
INV-1033,2023-09-23,Longhorn Publishers,EXEMPT33,Plastic Sheets,18,316,N,0,0,0,5688
INV-1034,2023-11-12,Crown Paints Kenya,P774805248X,Food Containers,83,200,Y,6576,0,328.8,23176
INV-1035,2023-10-26,B.O.C Kenya,EXEMPT35,Food Containers,29,273,N,0,0,0,7917
INV-1036,2023-11-25,Limuru Tea,P467145192X,Plastic Chairs,89,958,Y,14640,0,732.0,99902
INV-1037,2023-09-02,Uchumi Supermarket,P186518783X,Water Tanks,13,168,N,0,0,0,2184
INV-1038,2023-11-02,Jubilee Holdings,EXEMPT38,Water Tanks,63,197,N,0,0,0,12411
INV-1039,2023-08-23,Kapchorua Tea Kenya,P819213528X,Food Containers,73,835,Y,0,0,0,60955
INV-1040,2023-12-07,Stanbic Holdings,P300957679X,Food Containers,27,617,Y,1696,0,0,18355
INV-1041,2023-10-11,Safaricom,EXEMPT41,Water Tanks,84,871,N,0,0,0,73164
INV-1042,2023-10-05,Deacons (East Africa),P241352227X,Water Tanks,66,304,N,0,0,0,20064
INV-1043,2023-08-31,Flame Tree Group Holdings,P316670617X,Water Tanks,75,309,Y,15504,0,0,38679
INV-1044,2023-07-04,Safaricom,EXEMPT44,Water Tanks,39,767,N,0,0,0,29913
INV-1045,2023-10-06,Total Kenya,P582675526X,Plastic Sheets,31,619,Y,0,0,0,19189
INV-1046,2023-07-14,The Co-operative Bank of Kenya,P605090676X,Plastic Sheets,78,718,Y,5968,0,0,61972
INV-1047,2023-11-04,Limuru Tea,P962122046X,Plastic Sheets,25,339,N,0,0,0,8475
INV-1048,2023-12-10,Eaagads,P689041380X,Plastic Sheets,73,125,Y,0,0,0,9125
INV-1049,2023-07-18,Stanbic Holdings,P420927339X,Water Tanks,98,863,Y,0,0,0,84574
INV-1050,2023-08-17,The Co-operative Bank of Kenya,EXEMPT50,Plastic Sheets,64,942,N,0,0,0,60288
INV-1051,2023-07-23,Eaagads,P503764262X,Water Tanks,93,731,Y,0,0,0,67983
INV-1052,2023-12-31,B.O.C Kenya,P680158074X,Plastic Sheets,99,944,Y,0,0,0,93456
INV-1053,2023-08-31,NCBA Group,P300036278X,Food Containers,21,191,Y,2032,0,0,6043
INV-1054,2023-09-21,Safaricom,P343360013X,Plastic Sheets,40,430,Y,0,0,0,17200
INV-1055,2023-09-23,East African Breweries,P977078328X,Plastic Chairs,36,382,N,0,0,0,13752
INV-1056,2023-10-25,Safaricom,P392821743X,Plastic Chairs,64,945,Y,4416,0,0,64896
INV-1057,2023-08-18,NCBA Group,EXEMPT57,Plastic Chairs,94,749,N,0,0,0,70406
INV-1058,2023-08-13,CIC Insurance Group,EXEMPT58,Water Tanks,11,904,N,0,0,0,9944
INV-1059,2023-09-05,CIC Insurance Group,P972430073X,Plastic Sheets,98,402,Y,3920,0,196.0,43316
INV-1060,2023-07-15,E.A Cables,P163598549X,Water Tanks,23,478,Y,6240,0,312.0,17234
INV-1061,2023-08-27,Jubilee Holdings,P321055528X,Plastic Sheets,49,320,Y,10368,0,0,26048
INV-1062,2023-07-25,Kurwitu Ventures,EXEMPT62,Plastic Sheets,58,970,N,0,0,0,56260
INV-1063,2023-07-04,KCB Group,P700703708X,Plastic Chairs,28,170,Y,7920,0,0,12680
INV-1064,2023-12-09,Eaagads,P535251150X,Plastic Chairs,95,754,Y,11728,0,586.4,83358
INV-1065,2023-07-23,Standard Group,P708221185X,Water Tanks,80,607,Y,0,0,0,48560
INV-1066,2023-12-01,Williamson Tea Kenya,EXEMPT66,Water Tanks,50,509,N,0,0,0,25450
INV-1067,2023-12-15,Nairobi Business Ventures,P730900643X,Plastic Sheets,72,310,Y,0,0,0,22320
INV-1068,2023-12-23,E.A Portland Cement,P875301495X,Food Containers,87,148,Y,0,0,0,12876
INV-1069,2023-09-14,Eaagads,P886153782X,Plastic Sheets,16,521,Y,0,0,0,8336
INV-1070,2023-09-07,Flame Tree Group Holdings,P449729553X,Water Tanks,98,941,Y,1776,0,0,93994
INV-1071,2023-07-16,Equity Group Holdings,P564749604X,Plastic Chairs,86,981,Y,0,0,0,84366
INV-1072,2023-07-01,Bamburi Cement,P149315108X,Plastic Chairs,22,983,Y,0,0,0,21626
INV-1073,2023-08-07,Express Kenya,P630289237X,Plastic Chairs,30,404,Y,0,0,0,12120
INV-1074,2023-12-24,HF Group,EXEMPT74,Plastic Sheets,83,634,N,0,0,0,52622
INV-1075,2023-11-02,Eveready East Africa,P141413831X,Plastic Sheets,100,916,Y,2880,0,144.0,94480
INV-1076,2023-11-28,Nation Media Group,P551002472X,Food Containers,57,502,Y,0,0,0,28614
INV-1077,2023-12-01,Crown Paints Kenya,P903638802X,Water Tanks,9,266,Y,6320,0,316.0,8714
INV-1078,2023-09-18,Diamond Trust Bank Kenya,P662819688X,Water Tanks,7,939,Y,12528,0,626.4,19101
INV-1079,2023-11-24,E.A Cables,P312658635X,Food Containers,9,454,N,0,0,0,4086
INV-1080,2023-07-15,Sameer Africa,P819650638X,Plastic Sheets,83,709,Y,0,0,0,58847
INV-1081,2023-10-29,Longhorn Publishers,P228125273X,Plastic Chairs,24,247,Y,1616,0,80.8,7544
INV-1082,2023-12-26,KCB Group,EXEMPT82,Plastic Chairs,51,789,N,0,0,0,40239
INV-1083,2023-12-02,Centum Investment,P364350062X,Food Containers,13,482,Y,7888,0,0,14154
INV-1084,2023-07-22,East African Breweries,EXEMPT84,Plastic Sheets,98,604,N,0,0,0,59192
INV-1085,2023-08-01,Safaricom,P432087340X,Plastic Sheets,7,680,Y,0,0,0,4760
INV-1086,2023-08-18,Car & General (K),P718864474X,Plastic Chairs,74,700,Y,7024,0,0,58824
INV-1087,2023-12-12,Longhorn Publishers,P577123176X,Water Tanks,11,491,N,0,0,0,5401
INV-1088,2023-09-28,Centum Investment,P101676808X,Plastic Sheets,89,301,N,0,0,0,26789
INV-1089,2023-12-07,Africa Development Bank (AfDB),P182723915X,Plastic Sheets,14,547,Y,0,0,0,7658
INV-1090,2023-09-04,Standard Group,EXEMPT90,Plastic Chairs,24,691,N,0,0,0,16584
INV-1091,2023-07-22,ILAM Fahari I-REIT,P432863875X,Water Tanks,76,843,Y,0,0,0,64068
INV-1092,2023-10-02,Limuru Tea,P810441610X,Water Tanks,47,952,N,0,0,0,44744
INV-1093,2023-11-27,Homeboyz Entertainment,EXEMPT93,Water Tanks,83,297,N,0,0,0,24651
INV-1094,2023-09-04,Nairobi Securities Exchange,P372147853X,Plastic Sheets,49,288,N,0,0,0,14112
INV-1095,2023-10-18,Kenya Orchards,P270608024X,Water Tanks,61,792,Y,3680,0,0,51992
INV-1096,2023-10-17,Equity Group Holdings,P455308565X,Plastic Sheets,87,836,Y,0,0,0,72732
INV-1097,2023-10-28,Limuru Tea,P810954887X,Plastic Sheets,39,766,Y,0,0,0,29874
INV-1098,2023-07-31,Kenya Re-Insurance Corporation,P260685717X,Plastic Sheets,48,821,N,0,0,0,39408
INV-1099,2023-12-08,East African Breweries,P914241502X,Plastic Sheets,33,235,Y,4736,0,0,12491
INV-1100,2023-08-06,Home Afrika,P807238556X,Plastic Sheets,27,507,Y,5504,0,0,19193
INV-1101,2023-12-10,Car & General (K),EXEMPT101,Food Containers,14,422,N,0,0,0,5908
INV-1102,2023-08-08,Mumias Sugar,P425530042X,Food Containers,70,683,Y,15328,0,0,63138
INV-1103,2023-10-28,Standard Chartered Bank Kenya,P320707529X,Plastic Sheets,60,150,Y,0,0,0,9000
INV-1104,2023-10-26,Kakuzi,P786472401X,Food Containers,61,176,Y,0,0,0,10736
INV-1105,2023-07-10,Nation Media Group,P884704524X,Water Tanks,99,869,Y,1632,0,0,87663
INV-1106,2023-08-02,Sasini,EXEMPT106,Plastic Chairs,11,807,N,0,0,0,8877
INV-1107,2023-07-19,Total Kenya,P601488807X,Water Tanks,60,795,Y,6512,0,325.6,54212
INV-1108,2023-11-04,Stanbic Holdings,P763875609X,Water Tanks,60,270,N,0,0,0,16200
INV-1109,2023-09-28,Flame Tree Group Holdings,P991270307X,Food Containers,26,355,Y,13792,0,0,23022
INV-1110,2023-09-22,CIC Insurance Group,P496241623X,Plastic Sheets,26,474,Y,0,0,0,12324
INV-1111,2023-11-01,I & M Holdings,P536198920X,Food Containers,51,967,N,0,0,0,49317
INV-1112,2023-08-08,KCB Group,P299503219X,Food Containers,96,496,Y,5776,0,0,53392
INV-1113,2023-07-13,Uchumi Supermarket,P414824702X,Plastic Sheets,6,291,Y,0,0,0,1746
INV-1114,2023-11-02,Deacons (East Africa),P259916274X,Food Containers,55,786,Y,6880,0,344.0,50110
INV-1115,2023-11-19,Diamond Trust Bank Kenya,P503850977X,Food Containers,18,582,Y,7984,0,399.2,18460
INV-1116,2023-08-01,Nairobi Business Ventures,P197770113X,Plastic Chairs,11,540,Y,0,0,0,5940
INV-1117,2023-09-07,ILAM Fahari I-REIT,P942800168X,Plastic Chairs,77,601,Y,0,0,0,46277
INV-1118,2023-08-28,Kenya Orchards,P507013676X,Plastic Chairs,62,247,Y,0,0,0,15314
INV-1119,2023-07-27,ABSA Kenya,P534953545X,Plastic Sheets,77,286,N,0,0,0,22022
INV-1120,2023-09-26,Limuru Tea,P462744329X,Plastic Chairs,8,137,Y,0,0,0,1096
INV-1121,2023-10-08,Kapchorua Tea Kenya,EXEMPT121,Plastic Sheets,73,989,N,0,0,0,72197
INV-1122,2023-12-26,Home Afrika,P624251786X,Plastic Sheets,75,861,Y,2912,0,0,67487
INV-1123,2023-10-05,Britam Holdings,P230697539X,Food Containers,91,316,Y,0,0,0,28756
INV-1124,2023-08-30,Kakuzi,P746962854X,Plastic Sheets,60,788,Y,0,0,0,47280
INV-1125,2023-11-06,Kurwitu Ventures,P813487960X,Water Tanks,5,575,Y,11264,0,0,14139
INV-1126,2023-07-15,Total Kenya,P675902106X,Plastic Chairs,93,165,Y,0,0,0,15345
INV-1127,2023-08-07,Kurwitu Ventures,EXEMPT127,Food Containers,28,982,N,0,0,0,27496
INV-1128,2023-12-25,Stanbic Holdings,P184854946X,Food Containers,88,738,N,0,0,0,64944
INV-1129,2023-10-21,Williamson Tea Kenya,P705310420X,Plastic Sheets,83,519,Y,0,0,0,43077
INV-1130,2023-12-04,Kenya Power & Lighting,P905699647X,Plastic Sheets,37,451,Y,0,0,0,16687
INV-1131,2023-10-05,The Co-operative Bank of Kenya,EXEMPT131,Plastic Chairs,69,414,N,0,0,0,28566
INV-1132,2023-11-28,Sameer Africa,EXEMPT132,Water Tanks,66,771,N,0,0,0,50886
INV-1133,2023-08-13,WPP Scangroup,P337264028X,Water Tanks,69,441,Y,5904,0,0,36333
INV-1134,2023-07-28,WPP Scangroup,P182114955X,Food Containers,25,832,N,0,0,0,20800
INV-1135,2023-07-15,Williamson Tea Kenya,P810521102X,Water Tanks,41,166,Y,0,0,0,6806
INV-1136,2023-10-13,Sasini,P680133689X,Plastic Sheets,11,860,N,0,0,0,9460
INV-1137,2023-11-06,Bamburi Cement,P317339549X,Plastic Chairs,96,815,Y,1856,0,92.8,80096
INV-1138,2023-09-25,Trans-Century,EXEMPT138,Plastic Sheets,58,656,N,0,0,0,38048
INV-1139,2023-07-06,Centum Investment,P888465658X,Water Tanks,13,218,Y,0,0,0,2834
INV-1140,2023-09-22,Nairobi Business Ventures,P845678285X,Water Tanks,18,403,Y,0,0,0,7254
INV-1141,2023-12-10,Carbacid Investments,P467361981X,Plastic Chairs,54,802,Y,14960,0,0,58268
INV-1142,2023-10-08,Jubilee Holdings,P878027989X,Food Containers,53,442,Y,0,0,0,23426
INV-1143,2023-10-29,Nairobi Securities Exchange,P202255728X,Water Tanks,53,865,Y,0,0,0,45845
INV-1144,2023-09-12,Total Kenya,P699013375X,Water Tanks,92,698,Y,13984,0,0,78200
INV-1145,2023-10-07,Safaricom,EXEMPT145,Plastic Chairs,59,356,N,0,0,0,21004
INV-1146,2023-08-14,Express Kenya,EXEMPT146,Food Containers,35,146,N,0,0,0,5110
INV-1147,2023-12-17,Kenya Airways,P553782041X,Food Containers,10,140,N,0,0,0,1400
INV-1148,2023-11-25,Olympia Capital Holdings,EXEMPT148,Plastic Sheets,8,661,N,0,0,0,5288
INV-1149,2023-08-15,Equity Group Holdings,P399157852X,Water Tanks,31,940,Y,2400,0,0,31540
INV-1150,2023-10-26,KenGen,P143637832X,Plastic Sheets,23,181,Y,0,0,0,4163
INV-1151,2023-12-21,KCB Group,P201082392X,Plastic Chairs,87,645,Y,6656,0,0,62771
INV-1152,2023-11-14,Home Afrika,P313373468X,Food Containers,11,446,Y,13952,0,697.6,18858
INV-1153,2023-11-12,Kapchorua Tea Kenya,P425774855X,Plastic Chairs,46,298,N,0,0,0,13708
INV-1154,2023-07-28,ILAM Fahari I-REIT,P521588143X,Plastic Sheets,85,321,N,0,0,0,27285
INV-1155,2023-11-08,Unga Group,P828122023X,Food Containers,87,740,Y,3488,0,0,67868
INV-1156,2023-09-29,NCBA Group,EXEMPT156,Plastic Chairs,12,616,N,0,0,0,7392
INV-1157,2023-08-07,Nairobi Business Ventures,P507803033X,Food Containers,23,472,Y,5952,0,0,16808
INV-1158,2023-08-25,Stanbic Holdings,EXEMPT158,Plastic Sheets,29,180,N,0,0,0,5220
INV-1159,2023-11-07,E.A Cables,EXEMPT159,Food Containers,97,984,N,0,0,0,95448
INV-1160,2023-08-31,Crown Paints Kenya,P217514868X,Plastic Sheets,31,937,Y,0,0,0,29047
INV-1161,2023-11-06,I & M Holdings,P155063974X,Food Containers,42,152,Y,13680,0,684.0,20064
INV-1162,2023-12-10,Olympia Capital Holdings,P285076452X,Water Tanks,65,373,N,0,0,0,24245
INV-1163,2023-09-10,E.A Cables,P265482304X,Water Tanks,32,282,Y,0,0,0,9024
INV-1164,2023-08-08,Williamson Tea Kenya,P322053968X,Water Tanks,3,914,Y,7056,0,0,9798
INV-1165,2023-11-11,Standard Chartered Bank Kenya,P207000996X,Plastic Sheets,40,814,N,0,0,0,32560
INV-1166,2023-07-18,The Co-operative Bank of Kenya,P729804453X,Plastic Chairs,97,489,N,0,0,0,47433
INV-1167,2023-10-15,E.A Cables,EXEMPT167,Food Containers,21,102,N,0,0,0,2142
INV-1168,2023-07-12,Nation Media Group,EXEMPT168,Plastic Chairs,16,494,N,0,0,0,7904
INV-1169,2023-11-04,Eveready East Africa,P793831585X,Plastic Sheets,4,149,Y,15280,0,0,15876
INV-1170,2023-12-08,NCBA Group,EXEMPT170,Food Containers,88,746,N,0,0,0,65648
INV-1171,2023-11-24,Stanbic Holdings,P980442454X,Plastic Sheets,53,154,N,0,0,0,8162
INV-1172,2023-09-12,Umeme,P533973152X,Water Tanks,27,216,Y,2784,0,0,8616
INV-1173,2023-11-12,Africa Development Bank (AfDB),P597260120X,Plastic Chairs,12,892,Y,12992,0,649.6,23696
INV-1174,2023-09-26,I & M Holdings,P403601865X,Plastic Sheets,79,712,Y,0,0,0,56248
INV-1175,2023-08-06,Home Afrika,P305779088X,Food Containers,92,783,Y,0,0,0,72036
INV-1176,2023-09-13,Unga Group,P488500153X,Food Containers,75,307,Y,10256,0,0,33281
INV-1177,2023-11-22,Kenya Power & Lighting,P970686628X,Plastic Chairs,9,313,Y,6304,0,0,9121
INV-1178,2023-09-30,Limuru Tea,P262465906X,Plastic Sheets,28,906,Y,5296,0,0,30664
INV-1179,2023-12-12,Standard Group,EXEMPT179,Food Containers,30,190,N,0,0,0,5700
INV-1180,2023-08-18,ILAM Fahari I-REIT,P598874607X,Food Containers,46,885,Y,4704,0,0,45414
INV-1181,2023-07-07,Kakuzi,P774594753X,Water Tanks,60,898,N,0,0,0,53880
INV-1182,2023-07-27,TPS Eastern Africa (Serena),P713962229X,Plastic Sheets,80,534,Y,0,0,0,42720
INV-1183,2023-10-20,Homeboyz Entertainment,EXEMPT183,Water Tanks,16,423,N,0,0,0,6768
INV-1184,2023-11-26,Nairobi Securities Exchange,P397073425X,Water Tanks,50,630,Y,0,0,0,31500
INV-1185,2023-09-17,Home Afrika,P218558157X,Water Tanks,2,416,N,0,0,0,832
INV-1186,2023-10-28,Home Afrika,P577026517X,Food Containers,4,336,Y,8816,0,440.8,10160
INV-1187,2023-10-01,E.A Portland Cement,P344201043X,Plastic Chairs,17,191,Y,12304,0,0,15551
INV-1188,2023-11-28,Unga Group,EXEMPT188,Water Tanks,60,800,N,0,0,0,48000
INV-1189,2023-10-28,Deacons (East Africa),EXEMPT189,Plastic Chairs,4,314,N,0,0,0,1256
INV-1190,2023-11-12,Nairobi Business Ventures,P948069847X,Plastic Chairs,39,796,Y,10192,0,509.6,41236
INV-1191,2023-10-17,Sameer Africa,P637634055X,Plastic Chairs,64,811,Y,0,0,0,51904
INV-1192,2023-11-13,E.A Cables,P932239000X,Water Tanks,14,864,Y,0,0,0,12096
INV-1193,2023-11-23,Centum Investment,EXEMPT193,Water Tanks,24,152,N,0,0,0,3648
INV-1194,2023-10-05,Kenya Airways,EXEMPT194,Plastic Chairs,74,303,N,0,0,0,22422
INV-1195,2023-11-16,CIC Insurance Group,P899714710X,Food Containers,36,631,N,0,0,0,22716
INV-1196,2023-11-21,Unga Group,P631909230X,Food Containers,30,777,Y,14848,0,0,38158
INV-1197,2023-09-12,Trans-Century,P873822883X,Food Containers,52,980,N,0,0,0,50960
INV-1198,2023-08-05,Flame Tree Group Holdings,P809315989X,Water Tanks,41,703,Y,15888,0,0,44711
INV-1199,2023-11-06,Sameer Africa,P991589380X,Water Tanks,56,743,Y,0,0,0,41608
INV-1200,2023-08-02,Carbacid Investments,EXEMPT200,Food Containers,44,773,N,0,0,0,34012
INV-1201,2023-10-25,Flame Tree Group Holdings,EXEMPT201,Plastic Sheets,83,455,N,0,0,0,37765
INV-1202,2023-11-05,I & M Holdings,EXEMPT202,Plastic Sheets,60,685,N,0,0,0,41100
INV-1203,2023-08-15,Kenya Airways,P525748936X,Plastic Sheets,39,358,Y,6768,0,338.4,20730
INV-1204,2023-07-31,Carbacid Investments,EXEMPT204,Food Containers,88,868,N,0,0,0,76384
INV-1205,2023-09-09,NCBA Group,P716961805X,Water Tanks,35,176,N,0,0,0,6160
INV-1206,2023-08-18,CIC Insurance Group,P141336255X,Food Containers,22,390,Y,7440,0,0,16020
INV-1207,2023-07-05,Olympia Capital Holdings,P199191408X,Plastic Sheets,86,168,Y,0,0,0,14448
INV-1208,2023-10-02,Express Kenya,P954531731X,Plastic Chairs,53,898,Y,0,0,0,47594
INV-1209,2023-10-19,Uchumi Supermarket,P408720884X,Plastic Sheets,52,683,Y,14016,0,0,49532
INV-1210,2023-07-13,Deacons (East Africa),EXEMPT210,Plastic Sheets,98,333,N,0,0,0,32634
INV-1211,2023-09-15,ILAM Fahari I-REIT,EXEMPT211,Water Tanks,21,978,N,0,0,0,20538
INV-1212,2023-08-22,Crown Paints Kenya,P170338374X,Plastic Chairs,9,565,Y,3424,0,0,8509
INV-1213,2023-11-30,Home Afrika,EXEMPT213,Plastic Chairs,10,109,N,0,0,0,1090
INV-1214,2023-09-08,Standard Group,P390044084X,Plastic Chairs,15,609,Y,0,0,0,9135
INV-1215,2023-12-25,Kenya Power & Lighting,P681643029X,Plastic Chairs,22,528,Y,5392,0,269.6,17008
INV-1216,2023-08-02,Homeboyz Entertainment,P778195460X,Plastic Chairs,67,305,N,0,0,0,20435
INV-1217,2023-10-07,Kenya Power & Lighting,P400219635X,Plastic Sheets,61,777,Y,4784,0,239.2,52181
INV-1218,2023-09-25,NCBA Group,P602073781X,Water Tanks,100,906,Y,5104,0,255.2,95704
INV-1219,2023-09-05,Nation Media Group,EXEMPT219,Plastic Chairs,38,646,N,0,0,0,24548
INV-1220,2023-08-02,Liberty Kenya Holdings,P157395918X,Water Tanks,65,469,Y,0,0,0,30485
INV-1221,2023-08-04,Total Kenya,P386144219X,Plastic Chairs,35,834,N,0,0,0,29190
INV-1222,2023-09-21,NCBA Group,EXEMPT222,Water Tanks,24,439,N,0,0,0,10536
INV-1223,2023-07-18,Jubilee Holdings,EXEMPT223,Plastic Chairs,49,451,N,0,0,0,22099
INV-1224,2023-07-03,Deacons (East Africa),P215806044X,Food Containers,46,143,Y,6736,0,336.8,13314
INV-1225,2023-08-01,The Co-operative Bank of Kenya,EXEMPT225,Water Tanks,68,504,N,0,0,0,34272
INV-1226,2023-07-12,Standard Group,EXEMPT226,Plastic Sheets,34,122,N,0,0,0,4148
INV-1227,2023-11-25,Unga Group,P784099634X,Plastic Sheets,90,161,Y,0,0,0,14490
INV-1228,2023-09-25,Deacons (East Africa),P357508408X,Plastic Sheets,94,434,Y,14560,0,0,55356
INV-1229,2023-10-06,ARM Cement,P305089413X,Water Tanks,12,736,Y,11120,0,556.0,19952
INV-1230,2023-09-08,ARM Cement,P504049589X,Food Containers,33,854,Y,5200,0,0,33382
INV-1231,2023-08-16,B.O.C Kenya,EXEMPT231,Water Tanks,91,599,N,0,0,0,54509
INV-1232,2023-08-30,Kurwitu Ventures,P483496598X,Plastic Sheets,72,421,N,0,0,0,30312
INV-1233,2023-08-17,Express Kenya,P392061250X,Plastic Sheets,89,313,N,0,0,0,27857
INV-1234,2023-11-07,KenGen,P645584418X,Plastic Sheets,57,756,Y,3312,0,165.6,46404
INV-1235,2023-10-01,NCBA Group,EXEMPT235,Plastic Sheets,68,709,N,0,0,0,48212
INV-1236,2023-11-11,Kenya Power & Lighting,EXEMPT236,Plastic Chairs,1,975,N,0,0,0,975
INV-1237,2023-07-26,Kenya Power & Lighting,P379716321X,Water Tanks,49,650,Y,0,0,0,31850
INV-1238,2023-07-13,Kenya Airways,P292714192X,Food Containers,8,500,Y,0,0,0,4000
INV-1239,2023-08-08,ABSA Kenya,P278143198X,Plastic Sheets,6,246,N,0,0,0,1476
INV-1240,2023-07-13,I & M Holdings,P451942455X,Food Containers,79,827,Y,0,0,0,65333
INV-1241,2023-11-03,CIC Insurance Group,P120481975X,Water Tanks,42,554,N,0,0,0,23268
INV-1242,2023-08-08,E.A Portland Cement,P762834568X,Food Containers,80,715,Y,10096,0,0,67296
INV-1243,2023-12-29,Nation Media Group,P745928135X,Plastic Sheets,99,335,N,0,0,0,33165
INV-1244,2023-09-18,Sanlam Kenya,P114964575X,Water Tanks,35,631,N,0,0,0,22085
INV-1245,2023-07-05,Standard Group,EXEMPT245,Water Tanks,42,376,N,0,0,0,15792
INV-1246,2023-07-20,Nairobi Securities Exchange,P551681982X,Food Containers,16,663,Y,0,0,0,10608
INV-1247,2023-07-13,NCBA Group,EXEMPT247,Water Tanks,9,981,N,0,0,0,8829
INV-1248,2023-10-24,KCB Group,P246952015X,Plastic Sheets,14,216,Y,6848,0,0,9872
INV-1249,2023-09-15,Express Kenya,P209210536X,Plastic Chairs,65,801,Y,2416,0,0,54481
INV-1250,2023-08-28,Homeboyz Entertainment,P816146786X,Plastic Chairs,52,636,Y,0,0,0,33072
INV-1251,2023-10-18,Limuru Tea,P895104304X,Plastic Chairs,91,304,Y,11536,0,576.8,39200
INV-1252,2023-08-04,Total Kenya,EXEMPT252,Water Tanks,50,257,N,0,0,0,12850
INV-1253,2023-09-29,The Co-operative Bank of Kenya,P533548048X,Plastic Chairs,75,274,Y,9360,0,468.0,29910
INV-1254,2023-08-12,E.A Portland Cement,EXEMPT254,Plastic Chairs,14,541,N,0,0,0,7574
INV-1255,2023-10-17,Stanbic Holdings,P167407615X,Plastic Chairs,78,212,Y,3968,0,0,20504
INV-1256,2023-10-10,Kakuzi,P525860994X,Food Containers,45,825,N,0,0,0,37125
INV-1257,2023-07-28,Uchumi Supermarket,P172012828X,Plastic Chairs,34,136,Y,0,0,0,4624
INV-1258,2023-09-24,East African Breweries,P560578893X,Water Tanks,26,969,Y,6608,0,330.4,31802
INV-1259,2023-07-24,Centum Investment,P908549827X,Plastic Sheets,19,644,Y,0,0,0,12236
INV-1260,2023-10-18,B.O.C Kenya,EXEMPT260,Plastic Sheets,36,749,N,0,0,0,26964
INV-1261,2023-10-25,Sasini,P915518559X,Plastic Sheets,69,413,Y,0,0,0,28497
INV-1262,2023-11-16,Crown Paints Kenya,EXEMPT262,Food Containers,13,733,N,0,0,0,9529
INV-1263,2023-11-17,Kenya Power & Lighting,EXEMPT263,Food Containers,1,991,N,0,0,0,991
INV-1264,2023-12-18,B.O.C Kenya,P215559722X,Plastic Chairs,97,640,Y,0,0,0,62080
INV-1265,2023-09-15,British American Tobacco Kenya,P367622765X,Plastic Chairs,10,130,Y,0,0,0,1300
INV-1266,2023-10-02,ILAM Fahari I-REIT,EXEMPT266,Plastic Chairs,61,513,N,0,0,0,31293
INV-1267,2023-12-03,Kenya Power & Lighting,P608988708X,Water Tanks,73,262,Y,12384,0,0,31510
INV-1268,2023-07-23,Eaagads,P566911676X,Water Tanks,21,574,N,0,0,0,12054
INV-1269,2023-07-14,Eveready East Africa,P531414329X,Food Containers,4,548,Y,0,0,0,2192
INV-1270,2023-10-04,Nairobi Business Ventures,P328334449X,Plastic Chairs,17,480,Y,0,0,0,8160
INV-1271,2023-11-14,Umeme,EXEMPT271,Plastic Sheets,47,663,N,0,0,0,31161
INV-1272,2023-08-11,Eaagads,P258686700X,Plastic Chairs,96,978,Y,15824,0,0,109712
INV-1273,2023-08-12,Carbacid Investments,EXEMPT273,Water Tanks,88,872,N,0,0,0,76736
INV-1274,2023-11-18,Kenya Re-Insurance Corporation,EXEMPT274,Plastic Sheets,61,855,N,0,0,0,52155
INV-1275,2023-08-22,TPS Eastern Africa (Serena),P953510504X,Plastic Chairs,73,254,Y,0,0,0,18542
INV-1276,2023-08-10,Limuru Tea,EXEMPT276,Plastic Sheets,13,404,N,0,0,0,5252
INV-1277,2023-10-26,Stanbic Holdings,P627396081X,Plastic Chairs,49,217,Y,0,0,0,10633
INV-1278,2023-10-31,ILAM Fahari I-REIT,P814792361X,Food Containers,8,617,N,0,0,0,4936
INV-1279,2023-11-25,ARM Cement,P927005845X,Food Containers,96,651,Y,5856,0,0,68352
INV-1280,2023-12-13,B.O.C Kenya,P562562946X,Water Tanks,47,371,Y,5776,0,0,23213
INV-1281,2023-08-18,Standard Group,P166616344X,Water Tanks,12,941,Y,0,0,0,11292
INV-1282,2023-12-01,KCB Group,P670971916X,Water Tanks,12,370,Y,3312,0,165.6,7752
INV-1283,2023-07-14,Kurwitu Ventures,EXEMPT283,Water Tanks,82,693,N,0,0,0,56826
INV-1284,2023-08-20,ABSA Kenya,EXEMPT284,Water Tanks,81,489,N,0,0,0,39609
INV-1285,2023-07-10,Mumias Sugar,EXEMPT285,Plastic Chairs,71,493,N,0,0,0,35003
INV-1286,2023-12-18,Limuru Tea,P841747792X,Water Tanks,45,845,Y,10176,0,0,48201
INV-1287,2023-12-08,Carbacid Investments,EXEMPT287,Food Containers,24,167,N,0,0,0,4008
INV-1288,2023-08-12,Kenya Orchards,P670295448X,Water Tanks,43,111,Y,5776,0,288.8,10549
INV-1289,2023-08-25,Diamond Trust Bank Kenya,P204368236X,Water Tanks,94,589,Y,0,0,0,55366
INV-1290,2023-11-21,I & M Holdings,P993620993X,Plastic Sheets,7,245,Y,10144,0,507.2,11859
INV-1291,2023-08-20,Safaricom,P829197049X,Food Containers,48,596,Y,0,0,0,28608
INV-1292,2023-08-14,ABSA Kenya,P712024022X,Food Containers,27,102,Y,0,0,0,2754
INV-1293,2023-09-22,East African Breweries,P985995920X,Water Tanks,95,178,Y,0,0,0,16910
INV-1294,2023-12-10,I & M Holdings,P325762771X,Plastic Sheets,73,588,Y,0,0,0,42924
INV-1295,2023-08-24,Bamburi Cement,EXEMPT295,Food Containers,22,848,N,0,0,0,18656
INV-1296,2023-07-15,Standard Chartered Bank Kenya,P742687925X,Plastic Sheets,89,101,Y,6256,0,0,15245
INV-1297,2023-09-14,Equity Group Holdings,P686779771X,Water Tanks,13,817,Y,0,0,0,10621
INV-1298,2023-12-24,Unga Group,EXEMPT298,Water Tanks,97,831,N,0,0,0,80607
INV-1299,2023-08-03,Kenya Airways,P686664677X,Plastic Chairs,64,840,Y,0,0,0,53760
